build,4.013929128646851,8.299999999999999,57.9,0.000141022710053126,6.28961286836942e-05,2026-04-18T22:19:06.101350
test,3.0288126468658447,22.7,57.86666666666667,0.00017425768761634828,7.771892867689133e-05,2026-04-18T22:19:09.920711
deploy,5.015094041824341,6.659999999999999,57.720000000000006,0.0001634029085360633,7.287769720708423e-05,2026-04-18T22:19:15.745953
build,4.012470006942749,8.875,57.725,0.0001445603777501318,6.447392847655878e-05,2026-04-18T22:19:23.792636
test,3.0250649452209473,21.866666666666664,57.73333333333333,0.0001701206893638328,7.587382745626943e-05,2026-04-18T22:19:27.591713
deploy,5.015348672866821,6.8,57.720000000000006,0.00016450343647003176,7.336853266563417e-05,2026-04-18T22:19:33.416506
build,4.012949228286743,9.125,59.2,0.00014613823439677556,6.883110840088128e-05,2026-04-18T22:36:26.863265
test,3.027381658554077,19.433333333333334,59.166666666666664,0.000158791774253492,7.479092567339473e-05,2026-04-18T22:36:30.721178
deploy,5.014875650405884,7.76,59.18000000000001,0.00017197680230458579,8.10010738854599e-05,2026-04-18T22:36:36.569640
build,4.011717319488525,6.9,59.3,0.00013220837299558852,6.227014368092219e-05,2026-04-18T22:38:53.203545
test,3.028480052947998,18.033333333333335,59.26666666666667,0.00015225403051376344,7.171164837198257e-05,2026-04-18T22:38:57.023251
deploy,5.017061233520508,16.44,59.4,0.00023979322891235354,0.00011294261081771851,2026-04-18T22:39:02.827313
build,4.016885757446289,17.175,59.8,0.00019658192576302424,9.259008703438441e-05,2026-04-18T22:41:43.049459
test,3.0403213500976562,23.166666666666668,59.833333333333336,0.00017712686976680052,8.342675566016303e-05,2026-04-18T22:41:46.937536
deploy,5.01688289642334,12.34,59.81999999999999,0.000207788140941196,9.786821438330331e-05,2026-04-18T22:41:52.768467
build,4.0126793384552,22.05,59.925,0.0002268055532746845,0.0001068254155923764,2026-04-18T22:42:15.246740
test,4.056364059448242,22.775000000000002,60.025,0.0002338493880271912,0.00011014306176080705,2026-04-18T22:42:20.129597
deploy,5.014631986618042,12.78,59.96,0.00021112715026325648,9.94408877739938e-05,2026-04-18T22:42:26.006174
